{"cameraMode":{"drawMode":0,"name":"Shaded","section":"Shading Mode"},"sceneLighting":true,"audioPlay":false,"sceneViewState":{"showFog":true,"showMaterialUpdate":false,"showSkybox":false,"showFlares":true,"showImageEffects":true,"showParticleSystems":true},"in2DMode":false,"pivot":{"x":-0.5710852146148682,"y":2.6356654167175295,"z":-0.5317262411117554},"rotation":{"x":-0.10175975412130356,"y":0.8981415033340454,"z":-0.3094531297683716,"w":-0.2953428030014038},"size":1.2053325176239014,"orthographic":false}