{"cameraMode":{"drawMode":0,"name":"Shaded","section":"Shading Mode"},"sceneLighting":false,"audioPlay":false,"sceneViewState":{"showFog":true,"showMaterialUpdate":false,"showSkybox":false,"showFlares":true,"showImageEffects":true,"showParticleSystems":true},"in2DMode":false,"pivot":{"x":1.2162184715270997,"y":3.203772783279419,"z":-1.1114362478256226},"rotation":{"x":-0.0030847059097141029,"y":0.9929482936859131,"z":-0.11550986766815186,"w":-0.02651708759367466},"size":1.8810906410217286,"orthographic":false}