{"cameraMode":{"drawMode":0,"name":"Shaded","section":"Shading Mode"},"sceneLighting":true,"audioPlay":false,"sceneViewState":{"showFog":true,"showMaterialUpdate":false,"showSkybox":true,"showFlares":true,"showImageEffects":true,"showParticleSystems":true},"in2DMode":false,"pivot":{"x":-10.786643981933594,"y":4.366893768310547,"z":-49.254478454589847},"rotation":{"x":-0.18990817666053773,"y":0.7707748413085938,"z":-0.26815667748451235,"w":-0.5458498001098633},"size":35.80742645263672,"orthographic":false}