{"cameraMode":{"drawMode":0,"name":"Shaded","section":"Shading Mode"},"sceneLighting":true,"audioPlay":false,"sceneViewState":{"showFog":true,"showMaterialUpdate":false,"showSkybox":true,"showFlares":true,"showImageEffects":true,"showParticleSystems":true},"in2DMode":false,"pivot":{"x":2.6188108921051027,"y":3.585501194000244,"z":-22.553794860839845},"rotation":{"x":-0.055761322379112247,"y":0.9404259920120239,"z":-0.2764803171157837,"w":-0.19017794728279115},"size":10.0,"orthographic":false}